gene,seq_length,R1,R2,R3,R4,R5,R6,R7,R8,R9,R10,R11,R12,R13,R14,R15,R16,R17,R18,R19,R20,R21,R22,R23,R24,R25,R26,R27,R28,R29,R30
Trim30a,496,1,0,0,0,0,0,-1,0,0,1,-1,-1,0,0,0,0,0,0,0,-1,0,0,1,-1,0,0,0,0,-1,0
Tapbpl,451,1,0,0,-1,0,0,0,0,0,0,0,0,0,0,0,0,0,0,0,0,0,-1,0,0,0,0,0,0,0,0
Cmklr1,371,1,-1,0,-1,0,0,0,-1,0,0,0,0,-1,-1,-1,0,0,-1,0,0,0,0,0,0,-1,0,-1,-1,0,0
Rel,587,1,0,0,0,0,0,0,0,0,0,-1,0,0,-1,0,0,1,0,1,0,0,1,0,1,0,1,0,-1,0,1
Bst2,172,1,0,0,0,0,0,0,0,0,0,0,0,0,-1,-1,0,0,0,1,0,0,0,0,0,0,1,0,0,0,0
H2-Q6,306,1,0,0,0,0,0,0,0,0,0,0,0,0,0,0,0,0,-1,0,1,0,0,0,0,0,0,1,0,0,0
Ifi205a,404,1,-1,0,-1,0,1,1,0,0,0,0,-1,0,0,-1,0,0,0,1,0,0,0,0,0,0,1,0,0,0,0
Trim30d,347,1,-1,0,-1,1,1,0,-1,-1,0,0,-1,-1,0,0,0,0,1,0,-1,0,-1,0,0,0,0,0,-1,0,-1
Rps6kc1,1056,1,0,0,0,0,0,0,0,0,-1,0,0,1,0,0,0,0,0,-1,0,0,1,0,0,1,0,0,0,0,0
Ifi44,422,1,0,0,1,0,1,0,0,0,0,0,-1,1,0,0,0,0,0,0,0,0,1,1,0,0,0,0,0,1,0
Fas,63,1,0,0,0,0,0,0,0,0,0,0,0,0,0,0,0,0,1,0,0,0,0,0,0,0,0,0,0,-1,0
Clec4a1,245,1,0,0,0,0,0,0,0,-1,0,0,0,1,0,0,0,0,0,0,0,0,0,0,-1,0,0,0,0,0,0
Il36g,193,1,-1,0,0,-1,1,1,0,0,0,0,0,0,-1,0,-1,0,-1,0,-1,1,0,0,0,0,0,0,0,0,0
Mefv,767,1,0,1,0,0,0,-1,0,0,0,0,0,0,-1,-1,0,0,0,0,-1,0,-1,1,0,1,0,1,0,0,0
H2-K1,368,1,0,0,0,0,0,0,0,0,0,0,0,0,0,0,0,0,0,0,1,0,0,0,0,0,0,1,0,0,0
Slamf7,333,1,0,1,0,0,0,0,0,0,0,0,0,0,0,0,0,0,0,0,0,0,0,0,0,0,0,1,1,0,0
Tapbp,465,1,1,0,0,0,0,0,0,0,0,0,0,0,0,0,0,0,0,0,0,0,0,0,0,0,-1,0,0,-1,0
Fcgr1,404,1,0,0,0,0,0,0,-1,-1,0,0,0,0,0,0,0,0,0,0,0,0,0,0,0,-1,0,0,0,0,0
Ccrl2,360,1,-1,0,0,0,0,0,0,-1,-1,-1,0,-1,0,0,0,0,-1,-1,0,0,-1,0,0,0,0,-1,0,0,0
Irgm2,395,1,-1,-1,0,0,-1,0,0,-1,0,1,-1,0,-1,0,0,0,-1,0,0,0,0,0,1,-1,0,0,0,0,0
Lyn,512,1,0,0,0,1,0,1,1,1,-1,0,0,0,-1,-1,-1,0,-1,0,1,0,0,0,0,1,0,0,-1,1,0
Ccr1,355,1,-1,0,0,-1,0,0,-1,0,0,0,0,0,0,-1,0,-1,0,0,-1,0,0,0,0,0,1,0,0,0,1
Gbp2,589,1,0,0,-1,0,0,0,0,-1,0,0,0,0,0,-1,0,0,-1,0,0,0,0,0,0,0,-1,0,0,1,0
Irgm1,393,1,0,-1,0,0,0,0,0,0,0,0,0,0,0,0,0,0,0,0,0,0,0,0,0,1,0,0,-1,0,0
Tlr2,784,1,0,1,0,0,0,0,0,0,0,0,0,0,0,0,0,0,0,0,1,1,0,0,0,0,-1,0,0,0,0
Relb,501,1,0,1,0,0,0,1,0,0,0,0,0,0,0,0,0,0,0,0,0,0,0,0,0,0,0,0,0,0,0
Hck,524,1,0,0,1,0,0,0,-1,-1,0,0,0,0,1,0,-1,0,1,0,0,1,0,0,0,0,1,0,1,0,0
Mndal,538,1,0,-1,0,1,1,0,0,0,0,1,0,0,-1,0,0,-1,-1,0,0,0,1,0,0,1,0,0,0,1,1
Iigp1,413,1,0,0,0,0,0,0,0,1,0,-1,-1,0,0,-1,0,0,0,0,0,0,0,0,0,1,1,0,0,0,0
Cd74,279,1,-1,-1,0,1,-1,0,0,0,0,0,-1,0,0,0,0,0,0,0,1,0,1,-1,0,-1,1,0,0,1,0
Il1rn,162,1,0,0,0,0,0,-1,0,0,0,1,0,0,0,1,1,0,0,1,0,0,0,0,1,0,0,-1,0,0,0
Syk,629,1,0,0,0,0,0,-1,0,0,0,0,0,0,0,0,0,0,0,0,0,1,-1,-1,0,-1,-1,0,0,0,0
H2-D1,341,1,0,0,0,1,0,0,0,0,0,0,0,0,0,0,0,0,1,0,0,0,0,0,0,0,0,1,0,0,-1
Ccl2,148,1,0,0,0,0,0,0,0,0,0,0,0,0,0,0,0,0,0,0,0,0,0,0,0,0,-1,0,0,0,0
H2-Q4,354,1,0,0,0,0,0,0,0,0,0,0,0,0,0,0,0,0,-1,0,1,0,0,0,1,0,0,0,0,0,0
Ripk2,402,1,0,0,0,0,0,0,0,-1,0,1,0,0,0,0,0,0,-1,0,-1,0,0,0,1,0,0,-1,0,0,0
Trim21,462,1,0,0,-1,1,0,0,-1,-1,0,0,0,0,0,0,0,-1,0,0,0,-1,0,0,0,0,-1,0,0,0,0
Alas1,642,1,-1,0,0,0,1,1,0,0,0,0,0,1,0,0,0,0,0,0,0,1,0,0,1,0,0,0,0,0,0
Mnda,423,1,0,0,-1,0,1,1,0,0,0,0,1,0,0,-1,0,0,0,1,0,0,0,0,0,0,1,0,0,0,0
Sting1,337,1,0,0,0,0,0,0,0,0,0,0,1,0,1,0,0,1,0,1,0,0,0,0,0,0,0,0,0,0,0
Ifi203,408,1,0,-1,0,1,0,0,0,0,0,1,0,0,-1,0,0,-1,-1,0,0,0,1,0,0,1,0,0,0,1,1
Cxcl16,246,1,1,1,0,0,0,0,0,0,0,0,0,0,0,0,0,0,0,0,0,0,0,0,0,-1,0,0,0,0,0
Pml,95,1,0,0,0,0,0,0,0,0,0,0,0,0,0,0,0,0,0,0,0,0,0,0,-1,0,0,0,-1,0,-1
Trim12a,297,1,0,0,0,0,0,1,0,0,1,-1,-1,0,0,0,0,0,0,0,0,0,0,0,1,0,0,0,0,-1,0
Cd274,290,1,1,0,0,0,0,0,0,0,0,0,0,0,0,0,0,1,0,0,0,0,0,0,0,1,-1,0,0,0,0
Pyhin1,420,1,0,0,-1,0,1,1,0,0,0,0,0,0,0,0,0,0,0,-1,0,-1,0,1,0,0,1,0,0,0,0
Fyb1,819,1,0,1,0,0,0,0,0,0,0,0,-1,-1,0,0,0,0,0,1,0,0,1,0,0,0,0,0,0,0,0
Fcgr4,249,1,0,0,0,0,0,0,0,0,0,0,0,0,0,0,0,0,0,0,0,0,0,0,1,0,0,0,0,0,-1
Prdx1,199,1,0,0,0,0,0,1,0,0,0,0,0,0,0,0,1,0,0,0,0,0,0,-1,0,0,0,1,-1,0,0
Gbp9,619,1,0,0,0,0,0,0,0,0,0,0,0,-1,0,0,0,-1,0,0,0,0,0,0,-1,0,0,-1,0,0,-1
H2-T23,357,1,0,0,0,0,0,0,0,0,0,0,0,0,0,0,0,0,0,0,0,0,0,0,0,0,1,0,0,0,0
Ifih1,976,1,0,0,0,0,0,0,-1,-1,0,0,1,0,0,0,0,0,0,1,0,1,0,1,0,0,0,0,0,-1,0
Gbp6,611,1,0,0,0,0,0,0,0,0,0,0,0,-1,0,0,0,-1,0,0,0,0,0,0,-1,0,0,-1,0,0,-1
Ifi204,619,1,0,0,-1,0,1,1,0,0,0,0,1,0,0,-1,0,0,0,1,0,0,0,0,0,0,1,0,0,0,0
Itgb7,806,1,0,-1,0,0,0,0,0,0,0,0,0,0,0,0,0,0,0,0,-1,0,-1,0,1,0,0,0,0,0,-1
Ankrd17,2603,1,-1,1,0,0,0,0,0,0,0,-1,0,-1,0,0,0,0,0,0,0,0,0,0,0,0,0,0,0,0,0
Trim56,734,1,0,0,1,-1,0,0,0,0,0,0,-1,0,0,0,0,-1,0,0,0,0,1,0,0,0,-1,0,0,0,0
9930111J21Rik1,844,1,0,0,0,0,0,0,0,0,0,0,1,-1,-1,0,-1,0,0,0,0,0,0,0,0,0,0,0,0,1,0
Themis2,663,1,-1,0,0,0,0,0,-1,0,0,0,0,0,-1,0,0,0,0,0,1,0,0,1,0,0,0,0,0,0,0
Ifitm2,144,1,0,0,0,0,0,0,0,0,0,0,0,0,0,0,0,0,0,0,-1,0,0,1,-1,-1,0,0,0,0,-1
Ctsh,333,1,0,0,0,0,0,0,0,0,0,0,0,0,0,0,0,0,0,0,0,0,-1,0,0,0,0,0,0,-1,1
Fpr1,364,1,-1,0,0,0,0,0,0,0,0,1,0,0,0,0,0,0,0,0,0,0,0,0,0,0,0,0,0,0,0
Clec4d,218,1,0,0,-1,-1,0,0,0,1,0,1,0,0,1,0,0,0,0,0,0,0,0,0,0,0,0,0,0,0,0
Gm12185,835,1,0,0,0,0,0,0,0,0,0,0,1,-1,-1,0,0,0,0,0,0,0,1,0,1,0,0,0,0,-1,0
Gbp7,638,1,0,0,0,0,0,0,-1,0,0,0,0,0,0,-1,0,-1,0,-1,-1,0,1,0,0,0,1,0,0,0,0
H2-T24,363,1,0,0,0,0,0,0,0,0,0,0,0,0,-1,0,0,0,1,0,0,0,0,0,0,0,0,0,0,0,0
Fpr2,351,1,-1,0,0,0,0,0,0,0,0,0,0,-1,0,0,0,0,-1,0,0,0,0,1,0,0,0,0,0,0,0
Uba7,977,1,-1,-1,-1,0,0,0,1,0,0,0,0,0,0,0,0,0,0,0,1,0,0,-1,0,1,0,0,0,0,0
Tlr9,1032,1,0,0,1,1,1,0,0,0,0,0,0,0,0,0,0,0,0,0,0,0,-1,0,0,0,0,0,0,0,0
Tpd52,304,1,0,0,-1,0,0,0,0,0,0,0,0,-1,0,0,0,0,0,0,0,0,0,0,0,0,0,-1,0,0,0
Stat2,923,1,0,0,0,-1,0,0,0,0,0,-1,0,0,0,0,-1,0,0,0,0,0,0,0,0,0,0,0,0,0,-1
H2-Q7,334,1,0,0,0,0,0,0,0,0,0,0,0,0,0,0,0,0,-1,0,1,0,0,0,0,0,0,0,0,0,0
Stat1,749,1,0,0,0,0,-1,0,0,0,0,-1,0,1,0,0,-1,0,0,0,0,0,0,-1,-1,0,0,0,0,-1,0
Gm5431,844,1,0,0,0,0,0,0,0,0,0,0,1,-1,-1,0,-1,0,0,0,0,0,0,0,0,0,0,0,0,1,0
Gbp5,590,1,0,0,-1,0,0,0,0,-1,0,0,0,0,0,0,0,0,-1,0,0,0,0,0,0,0,-1,0,0,1,0
Igtp,423,1,-1,0,0,0,1,0,0,0,0,0,0,1,0,0,0,0,0,0,0,0,0,0,0,0,1,1,0,0,0
Cd86,309,1,-1,0,1,0,0,0,0,0,0,0,0,0,0,0,0,0,0,0,0,0,-1,0,0,0,0,-1,0,0,0
Dhx58,678,1,-1,0,1,0,0,0,0,-1,0,0,0,0,0,0,-1,0,1,0,0,0,0,0,0,0,0,0,0,0,1
Casp3,277,1,-1,0,0,1,0,0,0,-1,0,1,0,0,0,0,0,-1,0,1,0,0,0,0,0,1,0,0,-1,0,0
Fpr2,351,1,-1,0,0,0,0,0,0,0,0,0,0,-1,0,0,0,0,-1,0,0,0,0,1,0,0,0,0,0,0,0
Gbp4,644,1,1,0,0,1,0,0,0,0,0,0,0,0,0,0,0,0,0,0,0,0,0,0,0,0,-1,0,0,0,-1
Src,535,1,0,0,0,1,0,1,0,1,-1,0,0,0,1,1,1,0,0,-1,0,0,-1,0,0,0,0,0,0,0,0
