gene,seq_length,R1,R2,R3,R4,R5,R6,R7,R8,R9,R10,R11,R12,R13,R14,R15,R16,R17,R18,R19,R20,R21,R22,R23,R24,R25,R26,R27,R28,R29,R30
Trim30a,496,1,0,0,0,0,0,-1,0,0,1,-1,-1,0,0,0,0,0,0,0,-1,0,0,1,-1,0,0,0,0,-1,0
9930111J21Rik1,844,1,0,0,0,0,0,0,0,0,0,0,1,-1,-1,0,-1,0,0,0,0,0,0,0,0,0,0,0,0,1,0
Ankrd17,2603,1,-1,1,0,0,0,0,0,0,0,-1,0,-1,0,0,0,0,0,0,0,0,0,0,0,0,0,0,0,0,0
Apobec3,440,1,0,0,0,1,0,0,0,1,0,0,0,0,0,0,0,0,0,0,0,0,1,1,0,0,0,0,0,1,0
Bst2,172,1,0,0,0,0,0,0,0,0,0,0,0,0,-1,-1,0,0,0,1,0,0,0,0,0,0,1,0,0,0,0
Ccl2,148,1,0,0,0,0,0,0,0,0,0,0,0,0,0,0,0,0,0,0,0,0,0,0,0,0,-1,0,0,0,0
Ccr1,355,1,-1,0,0,-1,0,0,-1,0,0,0,0,0,0,-1,0,-1,0,0,-1,0,0,0,0,0,1,0,0,0,1
Ccrl2,360,1,-1,0,0,0,0,0,0,-1,-1,-1,0,-1,0,0,0,0,-1,-1,0,0,-1,0,0,0,0,-1,0,0,0
Cd274,290,1,1,0,0,0,0,0,0,0,0,0,0,0,0,0,0,1,0,0,0,0,0,0,0,1,-1,0,0,0,0
Cd74,279,1,-1,-1,0,1,-1,0,0,0,0,0,-1,0,0,0,0,0,0,0,1,0,1,-1,0,-1,1,0,0,1,0
Cd86,309,1,-1,0,1,0,0,0,0,0,0,0,0,0,0,0,0,0,0,0,0,0,-1,0,0,0,0,-1,0,0,0
Clec4a1,245,1,0,0,0,0,0,0,0,-1,0,0,0,1,0,0,0,0,0,0,0,0,0,0,-1,0,0,0,0,0,0
Clec4d,218,1,0,0,-1,-1,0,0,0,1,0,1,0,0,1,0,0,0,0,0,0,0,0,0,0,0,0,0,0,0,0
Ctsh,333,1,0,0,0,0,0,0,0,0,0,0,0,0,0,0,0,0,0,0,0,0,-1,0,0,0,0,0,0,-1,1
Dap,102,1,0,0,0,0,-1,0,1,0,-1,0,1,0,0,0,0,0,0,0,1,0,0,0,0,1,0,0,0,1,0
Dhx58,678,1,-1,0,1,0,0,0,0,-1,0,0,0,0,0,0,-1,0,1,0,0,0,0,0,0,0,0,0,0,0,1
Dock4,1978,1,0,0,0,0,-1,0,-1,1,0,0,0,0,0,0,0,0,1,0,0,0,0,0,0,0,0,0,-1,0,0
Fcgr1,404,1,0,0,0,0,0,0,-1,-1,0,0,0,0,0,0,0,0,0,0,0,0,0,0,0,-1,0,0,0,0,0
Fcgr4,249,1,0,0,0,0,0,0,0,0,0,0,0,0,0,0,0,0,0,0,0,0,0,0,1,0,0,0,0,0,-1
Gbp2,589,1,0,0,-1,0,0,0,0,-1,0,0,0,0,0,-1,0,0,-1,0,0,0,0,0,0,0,-1,0,0,1,0
Gbp4,644,1,1,0,0,1,0,0,0,0,0,0,0,0,0,0,0,0,0,0,0,0,0,0,0,0,-1,0,0,0,-1
Gbp5,590,1,0,0,-1,0,0,0,0,-1,0,0,0,0,0,0,0,0,-1,0,0,0,0,0,0,0,-1,0,0,1,0
Gbp6,611,1,0,0,0,0,0,0,0,0,0,0,0,-1,0,0,0,-1,0,0,0,0,0,0,-1,0,0,-1,0,0,-1
Gbp7,638,1,0,0,0,0,0,0,-1,0,0,0,0,0,0,-1,0,-1,0,-1,-1,0,1,0,0,0,1,0,0,0,0
Gbp9,619,1,0,0,0,0,0,0,0,0,0,0,0,-1,0,0,0,-1,0,0,0,0,0,0,-1,0,0,-1,0,0,-1
Gm12185,835,1,0,0,0,0,0,0,0,0,0,0,1,-1,-1,0,0,0,0,0,0,0,1,0,1,0,0,0,0,-1,0
Gm5431,844,1,0,0,0,0,0,0,0,0,0,0,1,-1,-1,0,-1,0,0,0,0,0,0,0,0,0,0,0,0,1,0
Gsdmd,487,1,0,0,0,0,-1,1,0,0,1,0,0,0,1,-1,0,0,0,0,1,0,-1,0,0,0,0,-1,0,0,1
H2-D1,341,1,0,0,0,1,0,0,0,0,0,0,0,0,0,0,0,0,1,0,0,0,0,0,0,0,0,1,0,0,-1
H2-K1,368,1,0,0,0,0,0,0,0,0,0,0,0,0,0,0,0,0,0,0,1,0,0,0,0,0,0,1,0,0,0
H2-Q4,354,1,0,0,0,0,0,0,0,0,0,0,0,0,0,0,0,0,-1,0,1,0,0,0,1,0,0,0,0,0,0
H2-Q6,306,1,0,0,0,0,0,0,0,0,0,0,0,0,0,0,0,0,-1,0,1,0,0,0,0,0,0,1,0,0,0
H2-Q7,334,1,0,0,0,0,0,0,0,0,0,0,0,0,0,0,0,0,-1,0,1,0,0,0,0,0,0,0,0,0,0
H2-T23,357,1,0,0,0,0,0,0,0,0,0,0,0,0,0,0,0,0,0,0,0,0,0,0,0,0,1,0,0,0,0
H2-T24,363,1,0,0,0,0,0,0,0,0,0,0,0,0,-1,0,0,0,1,0,0,0,0,0,0,0,0,0,0,0,0
Hck,524,1,0,0,1,0,0,0,-1,-1,0,0,0,0,1,0,-1,0,1,0,0,1,0,0,0,0,1,0,1,0,0
Ifi44,422,1,0,0,1,0,1,0,0,0,0,0,-1,1,0,0,0,0,0,0,0,0,1,1,0,0,0,0,0,1,0
Ifih1,976,1,0,0,0,0,0,0,-1,-1,0,0,1,0,0,0,0,0,0,1,0,1,0,1,0,0,0,0,0,-1,0
Ifitm2,144,1,0,0,0,0,0,0,0,0,0,0,0,0,0,0,0,0,0,0,-1,0,0,1,-1,-1,0,0,0,0,-1
Ifit2,472,1,0,0,0,0,1,-1,0,0,0,0,0,0,1,0,0,1,0,0,0,0,0,0,0,0,0,-1,-1,-1,0
Ifit3,403,1,0,-1,0,0,1,-1,0,0,-1,0,0,0,0,0,0,1,0,0,0,0,0,0,0,0,1,-1,0,0,0
Ifit3b,428,1,0,0,-1,0,0,0,0,-1,0,-1,0,1,0,0,0,0,0,0,0,0,0,1,1,0,0,0,-1,0,0
Ifitm2,144,1,0,0,0,0,0,0,0,0,0,0,0,0,0,0,0,0,0,0,-1,0,0,1,-1,-1,0,0,0,0,-1
Igtp,423,1,-1,0,0,0,1,0,0,0,0,0,0,1,0,0,0,0,0,0,0,0,0,0,0,0,1,1,0,0,0
Iigp1,413,1,0,0,0,0,0,0,0,1,0,-1,-1,0,0,-1,0,0,0,0,0,0,0,0,0,1,1,0,0,0,0
Il1a,270,1,0,1,0,0,-1,0,0,-1,-1,0,1,0,0,0,0,-1,0,-1,-1,0,0,0,0,0,-1,0,0,0,0
Il1b,269,1,0,0,0,0,-1,0,0,0,-1,0,0,0,0,-1,0,-1,-1,0,-1,0,0,0,-1,0,-1,0,0,0,1
Il1rn,162,1,0,0,0,0,0,-1,0,0,0,1,0,0,0,1,1,0,0,1,0,0,0,0,1,0,0,-1,0,0,0
Il36g,193,1,-1,0,0,-1,1,1,0,0,0,0,0,0,-1,0,-1,0,-1,0,-1,1,0,0,0,0,0,0,0,0,0
Irak3,609,1,0,0,1,0,0,0,1,0,0,0,0,0,0,0,0,0,0,-1,0,0,0,0,0,0,0,-1,0,0,0
Irgm1,393,1,0,-1,0,0,0,0,0,0,0,0,0,0,0,0,0,0,0,0,0,0,0,0,0,1,0,0,-1,0,0
Irgm2,395,1,-1,-1,0,0,-1,0,0,-1,0,1,-1,0,-1,0,0,0,-1,0,0,0,0,0,1,-1,0,0,0,0,0
Isg20,300,1,0,0,0,0,-1,0,0,0,0,-1,0,-1,0,0,0,0,0,0,0,1,0,0,0,0,0,1,0,0,0
Lyn,512,1,0,0,0,1,0,1,1,1,-1,0,0,0,-1,-1,-1,0,-1,0,1,0,0,0,0,1,0,0,-1,1,0
Mefv,767,1,0,1,0,0,0,-1,0,0,0,0,0,0,-1,-1,0,0,0,0,-1,0,-1,1,0,1,0,1,0,0,0
Nos2,136,1,-1,0,0,0,0,-1,0,0,1,-1,0,0,0,0,0,0,0,0,0,-1,0,0,0,0,1,1,0,1,0
Oas1a,367,1,-1,0,0,0,1,0,0,0,0,0,0,0,-1,1,0,0,-1,-1,0,0,0,0,-1,0,0,0,0,0,-1
Oas2,751,1,0,0,0,0,0,0,0,0,0,0,-1,1,0,0,0,0,0,0,0,0,0,0,0,0,0,0,0,0,0
Oas3,1138,1,-1,0,0,0,0,0,0,0,0,0,-1,1,0,0,0,0,0,0,0,0,0,0,-1,0,0,0,0,0,1
Oasl1,511,1,0,0,0,0,-1,0,0,0,0,0,0,0,1,0,-1,0,0,0,0,0,0,0,0,0,0,1,-1,0,1
Oasl2,260,1,0,0,-1,0,0,-1,0,0,0,0,-1,-1,0,0,0,0,0,0,-1,0,0,0,0,0,1,-1,0,0,0
Pml,95,1,0,0,0,0,0,0,0,0,0,0,0,0,0,0,0,0,0,0,0,0,0,0,-1,0,0,0,-1,0,-1
Rel,587,1,0,0,0,0,0,0,0,0,0,-1,0,0,-1,0,0,1,0,1,0,0,1,0,1,0,1,0,-1,0,1
Relb,501,1,0,1,0,0,0,1,0,0,0,0,0,0,0,0,0,0,0,0,0,0,0,0,0,0,0,0,0,0,0
Ripk2,402,1,0,0,0,0,0,0,0,-1,0,1,0,0,0,0,0,0,-1,0,-1,0,0,0,1,0,0,-1,0,0,0
Sema4a,760,1,0,0,0,0,0,0,0,-1,0,0,0,0,0,1,0,0,0,0,0,0,0,0,0,0,0,0,0,0,0
Slfn8,407,1,-1,0,0,0,0,0,0,0,1,0,0,0,0,-1,0,0,0,0,0,0,-1,0,0,0,0,-1,-1,-1,1
Slfn9,910,1,-1,0,0,0,0,0,0,0,1,1,0,0,0,-1,0,0,0,0,0,0,-1,0,0,0,0,-1,1,0,1
Src,535,1,0,0,0,1,0,1,0,1,-1,0,0,0,1,1,1,0,0,-1,0,0,-1,0,0,0,0,0,0,0,0
Stat1,749,1,0,0,0,0,-1,0,0,0,0,-1,0,1,0,0,-1,0,0,0,0,0,0,-1,-1,0,0,0,0,-1,0
Stat2,923,1,0,0,0,-1,0,0,0,0,0,-1,0,0,0,0,-1,0,0,0,0,0,0,0,0,0,0,0,0,0,-1
Sting1,337,1,0,0,0,0,0,0,0,0,0,0,1,0,1,0,0,1,0,1,0,0,0,0,0,0,0,0,0,0,0
Syk,629,1,0,0,0,0,0,-1,0,0,0,0,0,0,0,0,0,0,0,0,0,1,-1,-1,0,-1,-1,0,0,0,0
Tlr9,1032,1,0,0,1,1,1,0,0,0,0,0,0,0,0,0,0,0,0,0,0,0,-1,0,0,0,0,0,0,0,0
Tnfrsf14,275,1,-1,0,0,0,0,0,0,0,0,0,0,0,0,0,0,0,-1,0,0,0,1,0,0,0,0,0,0,0,0
Tnip1,646,1,-1,0,1,0,0,0,0,0,0,-1,0,0,0,0,0,0,0,0,-1,0,0,0,0,0,-1,1,0,0,-1
Tnip3,279,1,0,0,1,1,0,0,0,0,-1,1,0,-1,-1,0,0,0,0,0,0,0,0,0,-1,-1,0,-1,1,0,-1
Trim12a,297,1,0,0,0,0,0,1,0,0,1,-1,-1,0,0,0,0,0,0,0,0,0,0,0,1,0,0,0,0,-1,0
Trim21,462,1,0,0,-1,1,0,0,-1,-1,0,0,0,0,0,0,0,-1,0,0,0,-1,0,0,0,0,-1,0,0,0,0
Trim30d,347,1,-1,0,-1,1,1,0,-1,-1,0,0,-1,-1,0,0,0,0,1,0,-1,0,-1,0,0,0,0,0,-1,0,-1
Trim56,734,1,0,0,1,-1,0,0,0,0,0,0,-1,0,0,0,0,-1,0,0,0,0,1,0,0,0,-1,0,0,0,0
Uba7,977,1,-1,-1,-1,0,0,0,1,0,0,0,0,0,0,0,0,0,0,0,1,0,0,-1,0,1,0,0,0,0,0
Zc3hav1,946,1,0,-1,0,-1,0,0,0,0,0,0,1,0,0,0,0,0,0,0,1,0,0,0,-1,-1,0,0,0,-1,0
